Workbook

Sheet V0_DiffuRec
A1: V0 - DiffuRec gốc
A2: Baseline: không Category Embedding, không Hybrid Taxonomy Loss
A4: Metric | B4: Seed 1997 | C4: Seed 2024 | D4: Seed 7 | E4: Mean | F4: Std
A5: HR@5 | B5: 4.9224 | C5: 3.8678 | D5: 5.0957 | E5: =AVERAGE(B5:D5) -> 4.6286333 | F5: =_xlfn.STDEV.P(B5:D5) -> 0.54262249
A6: HR@10 | B6: 6.271 | C6: 5.0615 | D6: 6.5127 | E6: =AVERAGE(B6:D6) -> 5.9484 | F6: =_xlfn.STDEV.P(B6:D6) -> 0.63484824
A7: HR@20 | B7: 8.1428 | C7: 6.6405 | D7: 8.1428 | E7: =AVERAGE(B7:D7) -> 7.6420333 | F7: =_xlfn.STDEV.P(B7:D7) -> 0.70819101
A8: NDCG@5 | B8: 3.6753 | C8: 2.858 | D8: 3.9424 | E8: =AVERAGE(B8:D8) -> 3.4919 | F8: =_xlfn.STDEV.P(B8:D8) -> 0.46130793
A9: NDCG@10 | B9: 4.1089 | C9: 3.2439 | D9: 4.3961 | E9: =AVERAGE(B9:D9) -> 3.9163 | F9: =_xlfn.STDEV.P(B9:D9) -> 0.48970214
A10: NDCG@20 | B10: 4.5817 | C10: 3.6416 | D10: 4.8046 | E10: =AVERAGE(B10:D10) -> 4.3426333 | F10: =_xlfn.STDEV.P(B10:D10) -> 0.50398869
A12: Ghi chú: Kết quả tính trên tập test, đơn vị phần trăm (%). Mean và Std được tính từ 3 seed: 1997, 2024, 7.

Sheet V1_CatEmb
A1: V1 - DiffuRec + Category Embedding
A2: Chỉ sử dụng Category-aware Representation, không dùng Hybrid Taxonomy Loss
A4: Metric | B4: Seed 1997 | C4: Seed 2024 | D4: Seed 7 | E4: Mean | F4: Std
A5: HR@5 | B5: 5.0718 | C5: 5.0773 | D5: 1.7024 | E5: =AVERAGE(B5:D5) -> 3.9505 | F5: =_xlfn.STDEV.P(B5:D5) -> 1.5896483
A6: HR@10 | B6: 6.4033 | C6: 6.3512 | D6: 2.5344 | E6: =AVERAGE(B6:D6) -> 5.0963 | F6: =_xlfn.STDEV.P(B6:D6) -> 1.8116617
A7: HR@20 | B7: 8.2292 | C7: 8.0959 | D7: 3.6941 | E7: =AVERAGE(B7:D7) -> 6.6730667 | F7: =_xlfn.STDEV.P(B7:D7) -> 2.1071504
A8: NDCG@5 | B8: 3.8574 | C8: 3.996 | D8: 1.1051 | E8: =AVERAGE(B8:D8) -> 2.9861667 | F8: =_xlfn.STDEV.P(B8:D8) -> 1.331318
A9: NDCG@10 | B9: 4.2902 | C9: 4.4098 | D9: 1.3746 | E9: =AVERAGE(B9:D9) -> 3.3582 | F9: =_xlfn.STDEV.P(B9:D9) -> 1.4034666
A10: NDCG@20 | B10: 4.7484 | C10: 4.8497 | D10: 1.6662 | E10: =AVERAGE(B10:D10) -> 3.7547667 | F10: =_xlfn.STDEV.P(B10:D10) -> 1.4774186
A12: Ghi chú: Kết quả tính trên tập test, đơn vị phần trăm (%). Mean và Std được tính từ 3 seed: 1997, 2024, 7.

Sheet V2_TaxLoss
A1: V2 - DiffuRec + Hybrid Taxonomy Loss
A2: Chỉ sử dụng Hybrid Taxonomy Loss, không cộng Category Embedding vào input
A4: Metric | B4: Seed 1997 | C4: Seed 2024 | D4: Seed 7 | E4: Mean | F4: Std
A5: HR@5 | B5: 4.3602 | C5: 5.0045 | D5: 5.0373 | E5: =AVERAGE(B5:D5) -> 4.8006667 | F5: =_xlfn.STDEV.P(B5:D5) -> 0.31174469
A6: HR@10 | B6: 5.6738 | C6: 6.4849 | D6: 6.4543 | E6: =AVERAGE(B6:D6) -> 6.2043333 | F6: =_xlfn.STDEV.P(B6:D6) -> 0.37535166
A7: HR@20 | B7: 7.4998 | C7: 8.2579 | D7: 8.3666 | E7: =AVERAGE(B7:D7) -> 8.0414333 | F7: =_xlfn.STDEV.P(B7:D7) -> 0.38555494
A8: NDCG@5 | B8: 3.1854 | C8: 3.8809 | D8: 3.884 | E8: =AVERAGE(B8:D8) -> 3.6501 | F8: =_xlfn.STDEV.P(B8:D8) -> 0.32859496
A9: NDCG@10 | B9: 3.6089 | C9: 4.3573 | D9: 4.3394 | E9: =AVERAGE(B9:D9) -> 4.1018667 | F9: =_xlfn.STDEV.P(B9:D9) -> 0.34865666
A10: NDCG@20 | B10: 4.0711 | C10: 4.8036 | D10: 4.8189 | E10: =AVERAGE(B10:D10) -> 4.5645333 | F10: =_xlfn.STDEV.P(B10:D10) -> 0.34896596
A12: Ghi chú: Kết quả tính trên tập test, đơn vị phần trăm (%). Mean và Std được tính từ 3 seed: 1997, 2024, 7.

Sheet V3_TaxoDiffuRec
A1: V3 - Taxo-DiffuRec đầy đủ
A2: Sử dụng cả Category-aware Representation và Hybrid Taxonomy Loss
A4: Metric | B4: Seed 1997 | C4: Seed 2024 | D4: Seed 7 | E4: Mean | F4: Std
A5: HR@5 | B5: 5.2377 | C5: 5.0948 | D5: 5.129 | E5: =AVERAGE(B5:D5) -> 5.1538333 | F5: =_xlfn.STDEV.P(B5:D5) -> 0.060924124
A6: HR@10 | B6: 6.5867 | C6: 6.4493 | D6: 6.4378 | E6: =AVERAGE(B6:D6) -> 6.4912667 | F6: =_xlfn.STDEV.P(B6:D6) -> 0.067644676
A7: HR@20 | B7: 8.2687 | C7: 8.2751 | D7: 8.2236 | E7: =AVERAGE(B7:D7) -> 8.2558 | F7: =_xlfn.STDEV.P(B7:D7) -> 0.022918261
A8: NDCG@5 | B8: 3.9726 | C8: 3.952 | D8: 3.902 | E8: =AVERAGE(B8:D8) -> 3.9422 | F8: =_xlfn.STDEV.P(B8:D8) -> 0.029643661
A9: NDCG@10 | B9: 4.4075 | C9: 4.3868 | D9: 4.3208 | E9: =AVERAGE(B9:D9) -> 4.3717 | F9: =_xlfn.STDEV.P(B9:D9) -> 0.036970529
A10: NDCG@20 | B10: 4.8313 | C10: 4.8461 | D10: 4.7722 | E10: =AVERAGE(B10:D10) -> 4.8165333 | F10: =_xlfn.STDEV.P(B10:D10) -> 0.031925364
A12: Ghi chú: Kết quả tính trên tập test, đơn vị phần trăm (%). Mean và Std được tính từ 3 seed: 1997, 2024, 7.

Sheet Summary
A1: Ablation Study - Toys Dataset (Mean ± Std over 3 seeds)
A2: So sánh 4 biến thể: V0 DiffuRec, V1 Category Embedding, V2 Hybrid Taxonomy Loss, V3 mô hình đầy đủ Taxo-DiffuRec.
A4: Variant | B4: Mô tả | C4: HR@5 | D4: HR@10 | E4: HR@20 | F4: NDCG@5 | G4: NDCG@10 | H4: NDCG@20
A5: V0 | B5: DiffuRec gốc | C5: 4.6286 ± 0.5426 | D5: 5.9484 ± 0.6348 | E5: 7.6420 ± 0.7082 | F5: 3.4919 ± 0.4613 | G5: 3.9163 ± 0.4897 | H5: 4.3426 ± 0.5040
A6: V1 | B6: DiffuRec + Category Embedding | C6: 3.9505 ± 1.5896 | D6: 5.0963 ± 1.8117 | E6: 6.6731 ± 2.1072 | F6: 2.9862 ± 1.3313 | G6: 3.3582 ± 1.4035 | H6: 3.7548 ± 1.4774
A7: V2 | B7: DiffuRec + Hybrid Taxonomy Loss | C7: 4.8007 ± 0.3117 | D7: 6.2043 ± 0.3754 | E7: 8.0414 ± 0.3856 | F7: 3.6501 ± 0.3286 | G7: 4.1019 ± 0.3487 | H7: 4.5645 ± 0.3490
A8: V3 | B8: Taxo-DiffuRec đầy đủ | C8: 5.1538 ± 0.0608 | D8: 6.4913 ± 0.0677 | E8: 8.2558 ± 0.0229 | F8: 3.9422 ± 0.0296 | G8: 4.3717 ± 0.0369 | H8: 4.8165 ± 0.0319
A11: Bảng số liệu tách Mean và Std
A12: Variant | B12: Metric | C12: V0 Mean | D12: V0 Std | E12: V1 Mean | F12: V1 Std | G12: V2 Mean | H12: V2 Std | I12: V3 Mean | J12: V3 Std
A13: All | B13: HR@5 | C13: =V0_DiffuRec!E5 -> 4.6286333 | D13: =V0_DiffuRec!F5 -> 0.54262249 | E13: =V1_CatEmb!E5 -> 3.9505 | F13: =V1_CatEmb!F5 -> 1.5896483 | G13: =V2_TaxLoss!E5 -> 4.8006667 | H13: =V2_TaxLoss!F5 -> 0.31174469 | I13: =V3_TaxoDiffuRec!E5 -> 5.1538333 | J13: =V3_TaxoDiffuRec!F5 -> 0.060924124
A14: All | B14: HR@10 | C14: =V0_DiffuRec!E6 -> 5.9484 | D14: =V0_DiffuRec!F6 -> 0.63484824 | E14: =V1_CatEmb!E6 -> 5.0963 | F14: =V1_CatEmb!F6 -> 1.8116617 | G14: =V2_TaxLoss!E6 -> 6.2043333 | H14: =V2_TaxLoss!F6 -> 0.37535166 | I14: =V3_TaxoDiffuRec!E6 -> 6.4912667 | J14: =V3_TaxoDiffuRec!F6 -> 0.067644676
A15: All | B15: HR@20 | C15: =V0_DiffuRec!E7 -> 7.6420333 | D15: =V0_DiffuRec!F7 -> 0.70819101 | E15: =V1_CatEmb!E7 -> 6.6730667 | F15: =V1_CatEmb!F7 -> 2.1071504 | G15: =V2_TaxLoss!E7 -> 8.0414333 | H15: =V2_TaxLoss!F7 -> 0.38555494 | I15: =V3_TaxoDiffuRec!E7 -> 8.2558 | J15: =V3_TaxoDiffuRec!F7 -> 0.022918261
A16: All | B16: NDCG@5 | C16: =V0_DiffuRec!E8 -> 3.4919 | D16: =V0_DiffuRec!F8 -> 0.46130793 | E16: =V1_CatEmb!E8 -> 2.9861667 | F16: =V1_CatEmb!F8 -> 1.331318 | G16: =V2_TaxLoss!E8 -> 3.6501 | H16: =V2_TaxLoss!F8 -> 0.32859496 | I16: =V3_TaxoDiffuRec!E8 -> 3.9422 | J16: =V3_TaxoDiffuRec!F8 -> 0.029643661
A17: All | B17: NDCG@10 | C17: =V0_DiffuRec!E9 -> 3.9163 | D17: =V0_DiffuRec!F9 -> 0.48970214 | E17: =V1_CatEmb!E9 -> 3.3582 | F17: =V1_CatEmb!F9 -> 1.4034666 | G17: =V2_TaxLoss!E9 -> 4.1018667 | H17: =V2_TaxLoss!F9 -> 0.34865666 | I17: =V3_TaxoDiffuRec!E9 -> 4.3717 | J17: =V3_TaxoDiffuRec!F9 -> 0.036970529
A18: All | B18: NDCG@20 | C18: =V0_DiffuRec!E10 -> 4.3426333 | D18: =V0_DiffuRec!F10 -> 0.50398869 | E18: =V1_CatEmb!E10 -> 3.7547667 | F18: =V1_CatEmb!F10 -> 1.4774186 | G18: =V2_TaxLoss!E10 -> 4.5645333 | H18: =V2_TaxLoss!F10 -> 0.34896596 | I18: =V3_TaxoDiffuRec!E10 -> 4.8165333 | J18: =V3_TaxoDiffuRec!F10 -> 0.031925364
A20: Nhận xét nhanh: V3 đạt mean cao nhất và std thấp nhất trên toàn bộ chỉ số. V1 có độ lệch chuẩn lớn do seed 7 giảm mạnh, cho thấy Category Embedding khi dùng riêng chưa ổn định. V2 cải thiện so với V0 ở phần lớn chỉ số, nhưng kém V3.
